Genus,Species,Volume,PIC pg C,PIC pmol C,Phase
Acanthoica,sp.,255.22,6.44,0.54,HET
Acanthoica,quattrospina,146.77,2.15,0.18,HET
Acanthoica,quattrospina,141.69,6.87,0.57,HET
Acanthoica,acanthifera,168.4,1.91,0.16,HET
Acanthoica,quattrospina,169.23,5.68,0.47,HET
Acanthoica,quattrospina,306.54,8.34,0.69,HET
Acanthoica,sp.,224.06,3.95,0.33,HET
Acanthoica,sp.,103.86,2.61,0.22,HET
Acanthoica,quattrospina,147.37,3.16,0.26,HET
Acanthoica,quattrospina,118.57,2.98,0.25,HET
Acanthoica,quattrospina,283.98,4.51,0.38,HET
Algirosphaera,robusta,1393.48,10.76,0.9,HET
Algirosphaera,robusta,1388.96,24.6,2.05,HET
Algirosphaera,robusta,981.9,19.05,1.59,HET
Algirosphaera ,robusta,547.19,15.75,1.31,HET
Algirosphaera ,robusta,616,17.81,1.48,HET
Alisphaera,sp.,209.52,1.55,0.13,HET
Alisphaera,sp.,156.21,2.24,0.19,HET
Alisphaera,sp.,318.39,2.02,0.17,HET
Alisphaera,POL type,858.76,0.68,0.06,HET
Alisphaera,capulata,80.16,2.14,0.18,HET
Alisphaera,sp. POL,206.49,0.15,0.01,HET
Calcidiscus,leptoporus,2307.1,430.68,35.89,HET
Calcidiscus,leptoporus,1384.59,212.1,17.68,HET
Calcidiscus,leptoporus,1384.12,148.23,12.35,HET
Calcidiscus,leptoporus,2692.28,440.6,36.72,HET
Calcidiscus,leptoporus,1648.75,205.48,17.12,HET
Calcidiscus,leptoporus,2091.23,284.5,23.71,HET
Calcidiscus,leptoporus,2806.64,371.86,30.99,HET
Calcidiscus,leptoporus,1172.5,184.6,15.38,HET
Calcidiscus,leptoporus,1152.23,181.11,15.09,HET
Calcidiscus,leptoporus,1502.83,296.49,24.71,HET
Calcidiscus,leptoporus,1920.34,251.26,20.94,HET
Calcidiscus,leptoporus,1646.65,165.36,13.78,HET
Calcidiscus,leptoporus,1935.51,269.35,22.45,HET
Calcidiscus,leptoporus,1647.11,234.91,19.58,HET
Calcidiscus,leptoporus,1705.67,162.88,13.57,HET
Calcidiscus,leptoporus,1499.17,336.25,28.02,HET
Calcidiscus,leptoporus,1209.9,237.38,19.78,HET
Calcidiscus,leptoporus,730.59,104.56,8.71,HET
Calciosolenia,sp.,12.13,2.24,0.19,HET
Calciosolenia,murrayi,102.69,4.54,0.38,HET
Calciosolenia,murrayi,109.58,3.26,0.27,HET
Calciosolenia,murrayi,98.2,3.3,0.27,HET
Calciosolenia,murrayi,165.62,3.72,0.31,HET
Calciosolenia,murrayi,73.86,3.44,0.29,HET
Calciosolenia,murrayi,124.79,3.52,0.29,HET
Calciosolenia,murrayi,69.37,0.67,0.06,HET
Calciosolenia,murrayi,136.4,3.25,0.27,HET
Calciosolenia,murrayi,180.36,4.67,0.39,HET
Calciosolenia,murrayi,133.61,3.51,0.29,HET
Calciosolenia,murrayi,136.26,2.75,0.23,HET
Calciosolenia,murrayi,117.37,3.56,0.3,HET
Calytrolithina,multipora,4282.61,56.64,4.72,HET
Calytrolithina,multipora,3788.89,49.7,4.14,HET
Ceratolithus ,vidalii HET,329.49,0,0,HET
Corisphaera,tyrrhensis HOL,83.26,0,0,HOL
Corisphaera,gracilia,118.17,1.46,0.12,HOL
Corisphaera,tyrrheniensis HOL,166.95,3.42,0.28,HOL
Corisphaera,tyrrheniensis HOL,140.6,2.94,0.24,HOL
Corisphaera,gracilis,129.61,1.68,0.14,HOL
Corisphaera,gracilis,118.71,1.62,0.14,HOL
Corisphaera,sp.,126.6,2.5,0.21,HOL
Corisphaera,tyrrheniensis,80.78,1.19,0.1,HOL
Corisphaera,tyrrheniensis,229.13,1.87,0.16,HOL
Corisphaera,sp.,95.58,1.77,0.15,HOL
Corisphaera,sp.,144.08,3.97,0.33,HOL
Discosphaera,tubifera,29.67,3.11,0.26,HET
Discosphaera,tubifera,132.97,17.21,1.43,HET
Discosphaera,tubifera,151.49,12.22,1.02,HET
Discosphaera,tubifera,143.13,71.07,5.92,HET
Discosphaera,tubifera,50.14,3.69,0.31,HET
Discosphaera,tubifera,62.38,9.78,0.82,HET
Discosphaera,tubifera,38.9,23.52,1.96,HET
Discosphaera,tubifera,47.73,10.84,0.9,HET
Discosphaera,tubifera,74.69,16.15,1.35,HET
Discosphaera,tubifera,87.35,1.01,0.08,HET
Discosphaera,tubifera,3048.62,46.72,3.89,HET
Discosphaera,tubifera,22.45,8.37,0.7,HET
Discosphaera,tubifera,304.48,13.34,1.11,HET
Discosphaera,tubifera,187.48,8.41,0.7,HET
Discosphaera,tubifera,172.01,61.96,5.16,HET
Discosphaera,tubifera,93.19,26.85,2.24,HET
Discosphaera,tubifera,147.54,49.35,4.11,HET
Discosphaera,tubifera,68.84,39.01,3.25,HET
Discosphaera,tubifera,272.45,16.12,1.34,HET
Discosphaera ,tubifera,129.25,24.31,2.03,HET
Emiliania,huxleyi,45.61,1.36,0.11,HET
Emiliania,huxleyi,56.08,2.24,0.19,HET
Emiliania,huxleyi,52.88,2.48,0.21,HET
Emiliania,huxleyi,125.15,1.73,0.14,HET
Emiliania,huxleyi,90.58,1.71,0.14,HET
Emiliania,huxleyi,172.83,2.35,0.2,HET
Emiliania,huxleyi,64.78,0.84,0.07,HET
Emiliania,huxleyi,88.74,1.07,0.09,HET
Emiliania,huxleyi,50.6,1.79,0.15,HET
Emiliania,huxleyi,55.59,1.14,0.1,HET
Emiliania,huxleyi,52.07,1.04,0.09,HET
Emiliania,huxleyi,58.71,0.78,0.06,HET
Emiliania,huxleyi,94.61,2.88,0.24,HET
Emiliania,huxleyi,46.3,2.16,0.18,HET
Emiliania,huxleyi,44.33,1.19,0.1,HET
Emiliania,huxleyi,93.04,1.85,0.15,HET
Emiliania,huxleyi,174.86,3.73,0.31,HET
Emiliania,huxleyi,107.48,1.92,0.16,HET
Emiliania,huxleyi,62.99,1.81,0.15,HET
Emiliania,huxleyi,46.39,1.79,0.15,HET
Emiliania,huxleyi,61.11,5.9,0.49,HET
Emiliania,huxleyi,85.13,3.04,0.25,HET
Emiliania,huxleyi,39.27,1.24,0.1,HET
Emiliania,huxleyi,50.97,0.87,0.07,HET
Emiliania,huxleyi,46.3,1.12,0.09,HET
Emiliania,huxleyi,40.88,0.98,0.08,HET
Emiliania,huxleyi,48.64,0.6,0.05,HET
Emiliania,huxleyi,63.66,1.73,0.14,HET
Emiliania,huxleyi,160.75,3.12,0.26,HET
Emiliania,huxleyi,47.65,1.32,0.11,HET
Emiliania,huxleyi,44.91,1.3,0.11,HET
Emiliania,huxleyi,57.94,2.02,0.17,HET
Emiliania,huxleyi,57.36,1.14,0.1,HET
Emiliania,huxleyi,42.98,1.03,0.09,HET
Emiliania,huxleyi,221.78,5.8,0.48,HET
Emiliania,huxleyi,114.57,2.51,0.21,HET
Emiliania,huxleyi,52.14,1.71,0.14,HET
Emiliania,huxleyi,73.71,0.77,0.06,HET
Emiliania,huxleyi,106.99,3.63,0.3,HET
Emiliania,huxleyi,60.85,1.14,0.09,HET
Emiliania,huxleyi,93.99,1.83,0.15,HET
Emiliania,huxleyi,33.54,0.93,0.08,HET
Emiliania,huxleyi,37.02,0.53,0.04,HET
Emiliania,huxleyi,79.77,2.77,0.23,HET
Emiliania,huxleyi,51.63,0.96,0.08,HET
Emiliania,huxleyi,83.78,1.21,0.1,HET
Emiliania,huxleyi,56.58,1.76,0.15,HET
Emiliania,huxleyi,40.45,1.01,0.08,HET
Emiliania,huxleyi,39.63,1.43,0.12,HET
Emiliania,huxleyi,60.14,1.21,0.1,HET
Emiliania,huxleyi,121.08,3.89,0.32,HET
Emiliania,huxleyi,45.55,1.67,0.14,HET
Emiliania,huxleyi,48.26,1.34,0.11,HET
Emiliania,huxleyi,73.58,1.75,0.15,HET
Emiliania,huxleyi,181.91,7.06,0.59,HET
Emiliania,huxleyi,55.94,1.43,0.12,HET
Emiliania,huxleyi,54.85,2.03,0.17,HET
Emiliania,huxleyi,76.59,1.65,0.14,HET
Emiliania,huxleyi,83.78,1.53,0.13,HET
Emiliania,huxleyi,53.5,2.1,0.17,HET
Emiliania,huxleyi,68.32,2.64,0.22,HET
Emiliania,huxleyi,57.76,1.58,0.13,HET
Emiliania,huxleyi,80.81,2.35,0.2,HET
Emiliania,huxleyi,62.36,1.72,0.14,HET
Emiliania,huxleyi,41.34,0.72,0.06,HET
Emiliania,huxleyi,44.3,0.76,0.06,HET
Emiliania,huxleyi,59.96,1.14,0.1,HET
Emiliania,huxleyi,50.3,0.93,0.08,HET
Emiliania,huxleyi,52.54,0.65,0.05,HET
Emiliania,huxleyi,67.39,1.65,0.14,HET
Emiliania,huxleyi,40.28,0.75,0.06,HET
Emiliania,huxleyi,42.48,1.38,0.12,HET
Emiliania,huxleyi,42.92,0.77,0.06,HET
Emiliania,huxleyi,110.91,2.3,0.19,HET
Emiliania,huxleyi,99.23,2.76,0.23,HET
Emiliania,huxleyi,95.19,1.65,0.14,HET
Emiliania,huxleyi,168.88,4.78,0.4,HET
Emiliania,huxleyi,121.79,4.37,0.36,HET
Emiliania,huxleyi,46.42,0.96,0.08,HET
Emiliania,huxleyi,40.99,0.65,0.05,HET
Emiliania,huxleyi,266.78,5.95,0.5,HET
Emiliania,huxleyi,313.12,6.63,0.55,HET
Emiliania,huxleyi,49.58,0.93,0.08,HET
Emiliania,huxleyi,31.71,0.7,0.06,HET
Emiliania,huxleyi,71.73,1.65,0.14,HET
Emiliania,huxleyi,261.01,6.36,0.53,HET
Emiliania,huxleyi,71.81,1.47,0.12,HET
Emiliania,huxleyi,205.2,4.98,0.42,HET
Emiliania,huxleyi,93.89,1.82,0.15,HET
Emiliania,huxleyi,62.24,1.75,0.15,HET
Emiliania,huxleyi,63.12,1.21,0.1,HET
Emiliania,huxleyi,58.93,3.71,0.31,HET
Emiliania,huxleyi,491.75,6.67,0.56,HET
Emiliania,huxleyi,56.83,1.84,0.15,HET
Emiliania,huxleyi,48.54,1.57,0.13,HET
Emiliania,huxleyi,35.96,1.08,0.09,HET
Emiliania,huxleyi,46.99,1.32,0.11,HET
Emiliania,huxleyi,305.05,6.03,0.5,HET
Emiliania,huxleyi,41.98,0.95,0.08,HET
Emiliania,huxleyi,39.07,1.61,0.13,HET
Emiliania,huxleyi,55.34,1.67,0.14,HET
Emiliania,huxleyi,46.99,1.06,0.09,HET
Emiliania,huxleyi,74.9,2.21,0.18,HET
Emiliania,huxleyi,49.58,1.09,0.09,HET
Emiliania,huxleyi,112.76,2.92,0.24,HET
Emiliania,huxleyi,75.9,1.09,0.09,HET
Emiliania,huxleyi,52.68,1.5,0.13,HET
Emiliania,huxleyi,46.99,1.1,0.09,HET
Emiliania,huxleyi,52.54,1.51,0.13,HET
Emiliania,huxleyi,50.07,0.7,0.06,HET
Emiliania,huxleyi,66.6,2.36,0.2,HET
Emiliania,huxleyi,40.45,1.89,0.16,HET
Emiliania,huxleyi,37.02,1.16,0.1,HET
Emiliania,huxleyi,31.71,0.8,0.07,HET
Emiliania,huxleyi,39.55,0.5,0.04,HET
Emiliania,huxleyi,61.94,1.86,0.15,HET
Emiliania,huxleyi,50.01,1.69,0.14,HET
Emiliania,huxleyi,51.2,1.17,0.1,HET
Emiliania,huxleyi,176.38,3.64,0.3,HET
Emiliania,huxleyi,54.5,1.52,0.13,HET
Emiliania,huxleyi,62.21,2.15,0.18,HET
Emiliania,huxleyi,68.52,1.05,0.09,HET
Emiliania,huxleyi,40.59,1.26,0.1,HET
Emiliania,huxleyi,44.06,0.87,0.07,HET
Emiliania,huxleyi,30.75,0.4,0.03,HET
Emiliania,huxleyi,51,1.12,0.09,HET
Emiliania,huxleyi,88.64,1.67,0.14,HET
Emiliania,huxleyi,39.55,1.08,0.09,HET
Emiliania,huxleyi,54.5,1.28,0.11,HET
Emiliania,huxleyi,41.05,0.85,0.07,HET
Emiliania,huxleyi,65.88,0.89,0.07,HET
Emiliania,huxleyi,60.7,1.7,0.14,HET
Emiliania,huxleyi,50.83,0.74,0.06,HET
Emiliania,huxleyi,72.57,1.73,0.14,HET
Emiliania,huxleyi,56.54,1.82,0.15,HET
Emiliania,huxleyi,64.16,0.79,0.07,HET
Emiliania,huxleyi,51.06,1.37,0.11,HET
Emiliania,huxleyi,75.42,1.19,0.1,HET
Emiliania,huxleyi,81.95,0.88,0.07,HET
Emiliania,huxleyi,67.35,2.75,0.23,HET
Emiliania,huxleyi,60.85,1.92,0.16,HET
Emiliania,huxleyi,48.51,0.88,0.07,HET
Emiliania,huxleyi,36.7,1.21,0.1,HET
Emiliania,huxleyi,122.03,2.31,0.19,HET
Emiliania,huxleyi,50.87,1.56,0.13,HET
Emiliania,huxleyi,111.02,2.19,0.18,HET
Emiliania,huxleyi,60.85,0.95,0.08,HET
Emiliania,huxleyi,125.7,2.42,0.2,HET
Emiliania,huxleyi,51.77,1.28,0.11,HET
Emiliania,huxleyi,69.09,0.9,0.07,HET
Emiliania,huxleyi,50.27,1.27,0.11,HET
Emiliania,huxleyi,63.08,1.65,0.14,HET
Emiliania,huxleyi,97.84,1.71,0.14,HET
Emiliania,huxleyi,63.62,1,0.08,HET
Emiliania,huxleyi,166.75,1.76,0.15,HET
Emiliania,huxleyi,58.09,0.79,0.07,HET
Emiliania,huxleyi,60.85,0.9,0.07,HET
Emiliania,huxleyi,31.2,1.21,0.1,HET
Emiliania,huxleyi,53.22,0.75,0.06,HET
Emiliania,huxleyi,50.04,0.99,0.08,HET
Emiliania,huxleyi,46.99,1.42,0.12,HET
Emiliania,huxleyi,47.17,1.09,0.09,HET
Emiliania,huxleyi,55.37,0.64,0.05,HET
Emiliania,huxleyi,66.48,1.11,0.09,HET
Emiliania,huxleyi,74.9,1.49,0.12,HET
Emiliania,huxleyi,52.95,1.7,0.14,HET
Emiliania,huxleyi,80.95,1.08,0.09,HET
Emiliania,huxleyi,106.17,1.69,0.14,HET
Emiliania,huxleyi,63.74,2.18,0.18,HET
Emiliania,huxleyi,80.04,2.08,0.17,HET
Emiliania,huxleyi,47.74,1.01,0.08,HET
Emiliania,huxleyi,56.68,1.24,0.1,HET
Emiliania,huxleyi,75.25,3.57,0.3,HET
Emiliania,huxleyi,52.68,0.79,0.07,HET
Emiliania,huxleyi,14.52,0.16,0.01,HET
Emiliania,huxleyi,371.49,5.35,0.45,HET
Emiliania,huxleyi,128.45,3.22,0.27,HET
Emiliania,huxleyi,36.43,0.58,0.05,HET
Emiliania,huxleyi,42.33,1.01,0.08,HET
Emiliania,huxleyi,56.83,1.2,0.1,HET
Emiliania,huxleyi,61.53,1.38,0.11,HET
Emiliania,huxleyi,61.71,1.16,0.1,HET
Emiliania,huxleyi,63.62,1.97,0.16,HET
Emiliania,huxleyi,94.04,1.85,0.15,HET
Emiliania,huxleyi,130.24,2.32,0.19,HET
Emiliania,huxleyi,201.47,5.24,0.44,HET
Emiliania,huxleyi,79.96,3.53,0.29,HET
Emiliania,huxleyi,101.87,3.08,0.26,HET
Emiliania,huxleyi,146.82,9.6,0.8,HET
Emiliania,huxleyi var. corona,36.75,2.04,0.17,HET
Emiliania,huxleyi,152.45,5.85,0.49,HET
Emiliania,huxleyi,174.57,4.07,0.34,HET
Emiliania,huxleyi,82.03,4.09,0.34,HET
Emiliania,huxleyi,70.7,3.74,0.31,HET
Emiliania,huxleyi,150.14,6.6,0.55,HET
Emiliania,huxleyi,322.89,8.82,0.73,HET
Emiliania,huxleyi,342.42,12.95,1.08,HET
Emiliania,huxleyi,291.59,18.99,1.58,HET
Emiliania,huxleyi,382.38,11.84,0.99,HET
Emiliania,huxleyi,221.11,10.73,0.89,HET
Emiliania,huxleyi,355.71,15.57,1.3,HET
Emiliania,huxleyi,109.6,3.35,0.28,HET
Emiliania,huxleyi,175.25,7.87,0.66,HET
Emiliania,huxleyi,84.04,2.03,0.17,HET
Emiliania,huxleyi,417.16,15.5,1.29,HET
Emiliania,huxleyi,466.33,15.19,1.27,HET
Emiliania,huxleyi,580.91,23.39,1.95,HET
Emiliania,huxleyi,257.99,7.35,0.61,HET
Emiliania,huxleyi,79.46,4.55,0.38,HET
Emiliania,huxleyi,75.02,3.82,0.32,HET
Emiliania,huxleyi,215.89,15.54,1.29,HET
Emiliania,huxleyi,74.26,2.8,0.23,HET
Emiliania,huxleyi,317.03,6.87,0.57,HET
Emiliania,huxleyi,639.62,14.37,1.2,HET
Emiliania,huxleyi,205.11,7.87,0.66,HET
Emiliania,huxleyi,568.25,23.35,1.95,HET
Emiliania,huxleyi,445.33,18.11,1.51,HET
Emiliania,huxleyi,323.5,10.08,0.84,HET
Emiliania,huxleyi,365.22,9.15,0.76,HET
Emiliania,huxleyi,190.27,9.77,0.81,HET
Emiliania,huxleyi,113.08,8.29,0.69,HET
Emiliania,huxleyi,256.1,7.02,0.59,HET
Emiliania,huxleyi,412.75,22.22,1.85,HET
Emiliania,huxleyi,481.92,14.81,1.23,HET
Emiliania,huxleyi,188.3,9.83,0.82,HET
Emiliania,huxleyi,290.74,11.44,0.95,HET
Emiliania,huxleyi,96.56,3.28,0.27,HET
Emiliania,huxleyi,380.38,17.01,1.42,HET
Emiliania,huxleyi,494.03,14.41,1.2,HET
Emiliania,huxleyi,108.96,5.24,0.44,HET
Emiliania,huxleyi,234.56,13.95,1.16,HET
Emiliania,huxleyi,206.38,11.66,0.97,HET
Emiliania,huxleyi,523.35,14.8,1.23,HET
Emiliania,huxleyi,86.64,4.76,0.4,HET
Emiliania,huxleyi,129.43,5.5,0.46,HET
Emiliania,huxleyi,329.19,9.26,0.77,HET
Emiliania,huxleyi,123.52,6.21,0.52,HET
Emiliania,huxleyi,336.59,17.53,1.46,HET
Emiliania,huxleyi,329.68,18.11,1.51,HET
Emiliania,huxleyi,221.39,8.1,0.67,HET
Emiliania,huxleyi,43.97,2.32,0.19,HET
Emiliania,huxleyi,180.93,10.24,0.85,HET
Emiliania,huxleyi,50.91,1.13,0.09,HET
Emiliania,huxleyi,294.09,8.41,0.7,HET
Emiliania,huxleyi,85.78,2.88,0.24,HET
Emiliania,huxleyi,237.08,10.65,0.89,HET
Emiliania,huxleyi,825.88,31.42,2.62,HET
Emiliania,huxleyi,170.64,9.04,0.75,HET
Emiliania,huxleyi,78.45,2.91,0.24,HET
Emiliania,huxleyi,145.18,8.96,0.75,HET
Emiliania,huxleyi,128.46,7.75,0.65,HET
Emiliania,huxleyi,96.2,6.88,0.57,HET
Emiliania,huxleyi,145.26,7.25,0.6,HET
Emiliania,huxleyi,51.34,0.7,0.06,HET
Emiliania,huxleyi,97,4.08,0.34,HET
Emiliania,huxleyi,88.55,2.81,0.23,HET
Emiliania,huxleyi,90.87,6.02,0.5,HET
Emiliania,huxleyi,64.95,2.45,0.2,HET
Emiliania,huxleyi,92.15,11,0.92,HET
Emiliania,huxleyi,108.18,3.64,0.3,HET
Emiliania,huxleyi,143.02,4.65,0.39,HET
Emiliania,huxleyi,128.42,6.19,0.52,HET
Emiliania,huxleyi,248.47,10.87,0.91,HET
Emiliania,huxleyi,121.67,4.54,0.38,HET
Emiliania,huxleyi,260.97,7.64,0.64,HET
Emiliania,huxleyi,416.4,19.84,1.65,HET
Emiliania,huxleyi,101.42,2.19,0.18,HET
Emiliania,huxleyi,77.45,2.02,0.17,HET
Emiliania,huxleyi,466.77,6.27,0.52,HET
Emiliania,huxleyi,110.66,4.18,0.35,HET
Emiliania,huxleyi,143.76,3.02,0.25,HET
Emiliania,huxleyi,242.91,10.14,0.85,HET
Emiliania,huxleyi,46.92,1.55,0.13,HET
Emiliania,huxleyi,139.74,4.76,0.4,HET
Emiliania,huxleyi,138.69,3.37,0.28,HET
Emiliania,huxleyi,87.4,2.48,0.21,HET
Emiliania,huxleyi,101.42,2.83,0.24,HET
Emiliania,huxleyi,85.18,5.08,0.42,HET
Emiliania,huxleyi,137.19,4.93,0.41,HET
Emiliania,huxleyi,254.74,7.75,0.65,HET
Emiliania,huxleyi,257.18,3.83,0.32,HET
Emiliania,huxleyi,460.5,14.29,1.19,HET
Emiliania,huxleyi,124.85,6.38,0.53,HET
Emiliania,huxleyi,479.5,15.83,1.32,HET
Emiliania,huxleyi,67.07,1.32,0.11,HET
Emiliania,huxleyi,530,19.35,1.61,HET
Emiliania,huxleyi,500.76,10.2,0.85,HET
Emiliania,huxleyi,81.4,2.84,0.24,HET
Emiliania,huxleyi,118.45,5.84,0.49,HET
Emiliania,huxleyi,86.4,2.91,0.24,HET
Emiliania,huxleyi,117.17,3.88,0.32,HET
Emiliania,huxleyi,101.51,5.95,0.5,HET
Emiliania,huxleyi,288.5,19.45,1.62,HET
Emiliania,huxleyi,268.35,10.62,0.89,HET
Emiliania,huxleyi,134.59,6.95,0.58,HET
Emiliania,huxleyi,261.01,5.63,0.47,HET
Emiliania,huxleyi,109.13,4.4,0.37,HET
Emiliania,huxleyi,32.2,0.81,0.07,HET
Emiliania,huxleyi,130.69,6.65,0.55,HET
Emiliania,huxleyi,277.77,8.49,0.71,HET
Emiliania,huxleyi,266.11,12.58,1.05,HET
Emiliania,huxleyi,356.82,12.86,1.07,HET
Emiliania,huxleyi,156.87,4.56,0.38,HET
Emiliania,huxleyi,157.76,5.02,0.42,HET
Emiliania,huxleyi,236.53,5.74,0.48,HET
Emiliania,huxleyi,162.13,13.68,1.14,HET
Emiliania,huxleyi,96.26,3.44,0.29,HET
Emiliania,huxleyi,220.1,10.07,0.84,HET
Emiliania,huxleyi,88.65,4.88,0.41,HET
Emiliania,huxleyi,183.71,4.62,0.39,HET
Emiliania,huxleyi,60.06,3.2,0.27,HET
Emiliania,huxleyi,294.42,11.46,0.95,HET
Emiliania,huxleyi,143.93,5.23,0.44,HET
Emiliania,huxleyi,293.18,7.22,0.6,HET
Emiliania,huxleyi,185.88,5.66,0.47,HET
Emiliania,huxleyi,163.39,17.86,1.49,HET
Emiliania,huxleyi,129.79,3.6,0.3,HET
Emiliania,huxleyi,276.2,10.72,0.89,HET
Emiliania,huxleyi,151.14,3.73,0.31,HET
Emiliania,huxleyi,133.14,4.54,0.38,HET
Emiliania,huxleyi,218.86,8.12,0.68,HET
Emiliania,huxleyi,185.08,7.95,0.66,HET
Emiliania,huxleyi,151.62,8.68,0.72,HET
Emiliania,huxleyi,249.26,7.6,0.63,HET
Emiliania,huxleyi,132.87,3.65,0.3,HET
Emiliania,huxleyi,54.76,2.35,0.2,HET
Emiliania,huxleyi,263.68,14.81,1.23,HET
Emiliania,huxleyi,183,4.32,0.36,HET
Emiliania,huxleyi,96.03,2.61,0.22,HET
Emiliania,huxleyi,242.29,4.71,0.39,HET
Emiliania,huxleyi,210.31,7.12,0.59,HET
Emiliania,huxleyi,148.62,3.38,0.28,HET
Emiliania,huxleyi,64.47,2.06,0.17,HET
Emiliania,huxleyi,100.04,5.92,0.49,HET
Emiliania,huxleyi,114.35,4,0.33,HET
Emiliania,huxleyi,173.61,4.88,0.41,HET
Emiliania,huxleyi,162.87,7.57,0.63,HET
Emiliania,huxleyi,101.42,5.32,0.44,HET
Florisphaera,profunda,214.68,34.36,4.12,HET
Florisphaera,profunda,287.96,40.56,4.87,HET
Florisphaera,sp.,924.61,71.89,8.63,HET
Florisphaera,sp.,61.16,6.59,0.79,HET
Florisphaera,sp.,198.66,9.9,1.19,HET
Florisphaera,sp.,285.05,12.45,1.49,HET
Florisphaera,sp.,175.95,5.8,0.7,HET
Florisphaera,sp.,139.2,4.95,0.59,HET
Florisphaera,sp.,214.51,10.32,1.24,HET
Florisphaera,sp.,305.93,15.04,1.81,HET
Florisphaera,sp.,104.23,6.73,0.81,HET
Florisphaera,sp.,435.38,14.96,1.8,HET
Florisphaera,sp.,280.42,11.16,1.34,HET
Florisphaera,sp.,363.8,18.73,2.25,HET
Florisphaera,sp.,332.75,12.84,1.54,HET
Florisphaera,sp.,500.4,16.04,1.93,HET
Florisphaera,sp.,117.85,6.73,0.81,HET
Florisphaera,sp.,94.06,4.11,0.49,HET
Florisphaera,sp.,101.38,6.59,0.79,HET
Florisphaera,sp.,140.67,10.46,1.25,HET
Florisphaera,sp.,83.8,5.16,0.62,HET
Florisphaera,sp.,70.05,2.16,0.26,HET
Florisphaera,sp.,158.47,13.04,1.57,HET
Florisphaera,sp.,125.93,9.57,1.15,HET
Florisphaera,sp.,308.93,47.03,5.64,HET
Florisphaera,sp.,168.54,7.08,0.85,HET
Florisphaera,sp.,96.32,4.65,0.56,HET
Florisphaera,sp.,92.19,12.63,1.52,HET
Florisphaera,sp.,265.84,13.04,1.57,HET
Florisphaera,sp.,198.28,8.6,1.03,HET
Florisphaera,sp.,103.71,6.03,0.72,HET
Florisphaera,sp.,186.57,7.7,0.92,HET
Gephyrocapsa,ericsonii,80.67,6.87,0.57,HET
Gephyrocapsa,ericsonii,17.78,0.87,0.07,HET
Gephyrocapsa,ericsonii,20.56,0.68,0.06,HET
Gephyrocapsa,ericsonii,11.28,1.04,0.09,HET
Gephyrocapsa,ericsonii,27.84,2.87,0.24,HET
Gephyrocapsa,ericsonii,16.52,1.45,0.12,HET
Gephyrocapsa,ericsonii,16.29,1.04,0.09,HET
Gephyrocapsa,ericsonii,24.85,3.33,0.28,HET
Gephyrocapsa,ericsonii,13.45,2.1,0.17,HET
Gephyrocapsa,ericsonii,17.37,0.6,0.05,HET
Gephyrocapsa,ornata,34.3,3.59,0.3,HET
Gephyrocapsa,ericsonii,14.83,0.49,0.04,HET
Gephyrocapsa,ericsonii,14.93,0.7,0.06,HET
Gephyrocapsa,ericsonii,17.42,2.89,0.24,HET
Gephyrocapsa,ericsonii,39.97,3.31,0.28,HET
Gephyrocapsa,ericsonii,23.2,1.23,0.1,HET
Gephyrocapsa,ericsonii,35.38,3.72,0.31,HET
Gephyrocapsa,ericsonii,25.19,3.11,0.26,HET
Gephyrocapsa,ericsonii,31.12,1.3,0.11,HET
Gephyrocapsa,ericsonii,34.16,2.64,0.22,HET
Gephyrocapsa,ericsonii,26.23,2.19,0.18,HET
Gephyrocapsa,sp.,24.45,5.4,0.45,HET
Gephyrocapsa,ericsonii,10.98,0.59,0.05,HET
Gephyrocapsa,parvula,40.41,2.11,0.18,HET
Gephyrocapsa,ericsonii,23.83,1.47,0.12,HET
Gephyrocapsa,ericsonii,16.29,1.84,0.15,HET
Gephyrocapsa,ericsonii,23.84,0.81,0.07,HET
Gephyrocapsa,ericsonii,19.79,1.33,0.11,HET
Gephyrocapsa,ericsonii,27.3,0.81,0.07,HET
Gephyrocapsa,ericsonii,12.71,1.04,0.09,HET
Gephyrocapsa,ericsonii,18.65,1.66,0.14,HET
Gephyrocapsa,ericsonii,19.44,1.25,0.1,HET
Gephyrocapsa,ericsonii,27.36,2.5,0.21,HET
Gephyrocapsa,ericsonii,18.71,1.28,0.11,HET
Gephyrocapsa,ericsonii,16.6,1.04,0.09,HET
Gephyrocapsa,ericsonii,33.55,1.12,0.09,HET
Gephyrocapsa,ericsonii,11.91,0.77,0.06,HET
Gephyrocapsa,ericsonii,10.48,1.07,0.09,HET
Gephyrocapsa,ericsonii,14.44,0.55,0.05,HET
Gephyrocapsa,ericsonii,9.32,1.49,0.12,HET
Gephyrocapsa,ericsonii,14.12,0.53,0.04,HET
Gephyrocapsa,ericsonii,24.63,3.2,0.27,HET
Gephyrocapsa,ericsonii,11.36,1.59,0.13,HET
Gephyrocapsa,ericsonii,9.93,0.88,0.07,HET
Gephyrocapsa,ericsonii,9.93,0.59,0.05,HET
Gephyrocapsa,ericsonii,9.7,0.42,0.03,HET
Gephyrocapsa,ericsonii,10.78,0.8,0.07,HET
Gephyrocapsa,ericsonii,13.48,0.98,0.08,HET
Gephyrocapsa,ericsonii,14.49,0.87,0.07,HET
Gephyrocapsa,ericsonii,9.45,1.24,0.1,HET
Gephyrocapsa,ericsonii,11.6,1.29,0.11,HET
Gephyrocapsa,ericsonii,13.17,1.05,0.09,HET
Gephyrocapsa,ericsonii,13.79,1.59,0.13,HET
Gephyrocapsa,ericsonii,15.16,1,0.08,HET
Gephyrocapsa,ericsonii,16.26,0.94,0.08,HET
Gephyrocapsa,ericsonii,23.86,2.17,0.18,HET
Gephyrocapsa,ericsonii,20.95,0.72,0.06,HET
Gephyrocapsa,ericsonii,13.81,0.95,0.08,HET
Gephyrocapsa,ericsonii,10.19,0.47,0.04,HET
Gephyrocapsa,ericsonii,26.07,1.49,0.12,HET
Gephyrocapsa,ericsonii,17.78,0.51,0.04,HET
Gephyrocapsa,ericsonii,19.4,1.86,0.15,HET
Gephyrocapsa,ericsonii,11.07,1.69,0.14,HET
Gephyrocapsa,ericsonii,18.21,1.11,0.09,HET
Gephyrocapsa,ericsonii,16.23,0.89,0.07,HET
Gephyrocapsa,ericsonii,24.8,0.73,0.06,HET
Gephyrocapsa,ericsonii,10.45,1.03,0.09,HET
Gephyrocapsa,ericsonii,11.32,0.72,0.06,HET
Gephyrocapsa,ericsonii,11.3,0.88,0.07,HET
Gephyrocapsa,ericsonii,15.52,1.26,0.11,HET
Gephyrocapsa,ericsonii,9.93,0.39,0.03,HET
Gephyrocapsa,ericsonii,9.54,0.81,0.07,HET
Gephyrocapsa,muellerae,62.7,10.19,0.85,HET
Gephyrocapsa,parvula,12.53,0.92,0.08,HET
Gephyrocapsa,ericsonii,16.16,2.38,0.2,HET
Gephyrocapsa,parvula,17.61,2.07,0.17,HET
Gephyrocapsa,ericsonii,12.26,0.62,0.05,HET
Gephyrocapsa,parvula,9.35,0.76,0.06,HET
Gephyrocapsa,ericsonii,10.78,0.35,0.03,HET
Gephyrocapsa,ericsonii,12.79,0.77,0.06,HET
Gephyrocapsa,ericsonii,8.9,0.55,0.05,HET
Gephyrocapsa,ericsonii,10.74,0.56,0.05,HET
Gephyrocapsa,ericsonii,11.3,0.54,0.05,HET
Gephyrocapsa,ericsonii,13.2,0.43,0.04,HET
Gephyrocapsa,parvula,10.98,0.77,0.06,HET
Gephyrocapsa,parvula,14.48,1.2,0.1,HET
Gephyrocapsa,parvula,14.49,1.28,0.11,HET
Gephyrocapsa,ericsonii,9.64,0.52,0.04,HET
Gephyrocapsa,ericsonii,14.92,1.6,0.13,HET
Gephyrocapsa,ericsonii,9.66,0.74,0.06,HET
Gephyrocapsa,parvula,17.01,0.68,0.06,HET
Gephyrocapsa,parvula,14.48,1.38,0.12,HET
Gephyrocapsa,ericsonii,14.47,0.72,0.06,HET
Gephyrocapsa,ericsonii,8.9,0.5,0.04,HET
Gephyrocapsa,ericsonii,14.14,0.62,0.05,HET
Gephyrocapsa,parvula,20.25,1.63,0.14,HET
Gephyrocapsa,ericsonii,18.58,0.86,0.07,HET
Gephyrocapsa,ericsonii,15.55,0.81,0.07,HET
Gephyrocapsa,ericsonii,9.16,0.18,0.02,HET
Gephyrocapsa,muellerae,57.42,8.31,0.69,HET
Gephyrocapsa,ericsonii,15.16,0.77,0.06,HET
Gephyrocapsa,ericsonii,14.82,0.61,0.05,HET
Gephyrocapsa,muellerae,84.82,18.2,1.52,HET
Gephyrocapsa,ericsonii,10.76,1.11,0.09,HET
Gephyrocapsa,muellerae,64.48,6,0.5,HET
Gephyrocapsa,ornata,63.99,7.53,0.63,HET
Gephyrocapsa,ericsonii,14.63,1.45,0.12,HET
Gephyrocapsa,ericsonii,10.48,0.72,0.06,HET
Gephyrocapsa,ericsonii,13.6,1.04,0.09,HET
Gephyrocapsa,ericsonii,12.83,0.89,0.07,HET
Gephyrocapsa,ericsonii,9.12,0.56,0.05,HET
Gephyrocapsa,ericsonii,12.26,1.02,0.09,HET
Gephyrocapsa,ericsonii,14.36,1.15,0.1,HET
Gephyrocapsa,ericsonii,11.03,0.7,0.06,HET
Gephyrocapsa,ericsonii,9.15,0.85,0.07,HET
Gephyrocapsa,ericsonii,10.48,0.63,0.05,HET
Gephyrocapsa,ericsonii,8.41,0.52,0.04,HET
Gephyrocapsa,ericsonii,8.4,0.5,0.04,HET
Gephyrocapsa,ericsonii,11.34,0.62,0.05,HET
Gephyrocapsa,ericsonii,11.03,0.84,0.07,HET
Gephyrocapsa,ericsonii,12.22,0.88,0.07,HET
Gephyrocapsa,parvula,10.19,0.78,0.06,HET
Gephyrocapsa,parvula,11.61,1.12,0.09,HET
Gephyrocapsa,ericsonii,11.33,0.68,0.06,HET
Gephyrocapsa,ericsonii,14.12,0.69,0.06,HET
Gephyrocapsa,parvula,17.78,1.32,0.11,HET
Gephyrocapsa,muellerae,59.53,9.62,0.8,HET
Gephyrocapsa,parvula,17.81,0.76,0.06,HET
Gephyrocapsa,muellerae,101.43,10.44,0.87,HET
Gephyrocapsa,ornata,61.11,3.25,0.27,HET
Gephyrocapsa,parvula,9.36,0.59,0.05,HET
Gephyrocapsa,muellerae,55,6.16,0.51,HET
Gephyrocapsa,muellerae,49.24,5.67,0.47,HET
Gephyrocapsa,muellerae,40.56,5.39,0.45,HET
Gephyrocapsa,ornata,37.25,3.66,0.3,HET
Gephyrocapsa,parvula,12.83,1.09,0.09,HET
Gephyrocapsa,muellerae,106.53,9,0.75,HET
Gephyrocapsa,parvula,15.16,1.12,0.09,HET
Gephyrocapsa,parvula,14.44,0.83,0.07,HET
Gephyrocapsa,muellerae,66.55,5.16,0.43,HET
Gephyrocapsa,muellerae,94.12,10.51,0.88,HET
Gephyrocapsa,muellerae,118.55,15.9,1.33,HET
Gephyrocapsa,muellerae,88.04,10.07,0.84,HET
Gephyrocapsa,parvula,19.44,1.6,0.13,HET
Gephyrocapsa,muellerae,79.53,12.5,1.04,HET
Gephyrocapsa,parvula,15.53,1.66,0.14,HET
Gephyrocapsa,parvula,15.88,0.96,0.08,HET
Gephyrocapsa,ornata,29.49,5.69,0.47,HET
Gephyrocapsa,muellerae,52.46,4.52,0.38,HET
Gephyrocapsa,parvula,13.14,0.99,0.08,HET
Gephyrocapsa,muellerae,63.65,6.82,0.57,HET
Gephyrocapsa,ornata,25.81,3.53,0.29,HET
Gephyrocapsa,parvula,12.52,0.34,0.03,HET
Gephyrocapsa,muellerae,57.46,10.04,0.84,HET
Gephyrocapsa,muellerae,72.29,5.51,0.46,HET
Gephyrocapsa,muellerae,75.39,8.31,0.69,HET
Gephyrocapsa,muellerae,65.73,5.76,0.48,HET
Gephyrocapsa,muellerae,88.32,7.36,0.61,HET
Gephyrocapsa,muellerae,56.66,6.59,0.55,HET
Gephyrocapsa,muellerae,84.09,9.64,0.8,HET
Gephyrocapsa,muellerae,57.4,7.43,0.62,HET
Gephyrocapsa,muellerae,127.17,11.63,0.97,HET
Gephyrocapsa,muellerae,42.02,4.11,0.34,HET
Gephyrocapsa,muellerae,89.44,14.4,1.2,HET
Gephyrocapsa,muellerae,92.92,13.44,1.12,HET
Gephyrocapsa,ornata,45.5,4.12,0.34,HET
Gephyrocapsa,muellerae,64.3,6.94,0.58,HET
Gephyrocapsa,muellerae,54.23,6.59,0.55,HET
Gephyrocapsa,muellerae,62.53,4.74,0.39,HET
Gephyrocapsa,muellerae,78.43,6.93,0.58,HET
Gephyrocapsa,muellerae,63.6,8.32,0.69,HET
Gephyrocapsa,muellerae,111.54,8.4,0.7,HET
Gephyrocapsa,muellerae,61.01,9.29,0.77,HET
Gephyrocapsa,muellerae,57.35,10.12,0.84,HET
Gephyrocapsa,ornata,35.97,5.2,0.43,HET
Gephyrocapsa,muellerae,71.23,7.54,0.63,HET
Gephyrocapsa,muellerae,82.39,6.91,0.58,HET
Gephyrocapsa,muellerae,68.74,7.17,0.6,HET
Gephyrocapsa,muellerae,51.58,3.46,0.29,HET
Gephyrocapsa,muellerae,78.18,13.39,1.12,HET
Gephyrocapsa,muellerae,59.14,7.15,0.6,HET
Gephyrocapsa,muellerae,74.08,4.17,0.35,HET
Gephyrocapsa,muellerae,78.37,9.39,0.78,HET
Gephyrocapsa,muellerae,58.25,10.91,0.91,HET
Gephyrocapsa,muellerae,74.21,9.11,0.76,HET
Gephyrocapsa,muellerae,72.22,7.71,0.64,HET
Gephyrocapsa,muellerae,65.42,8.79,0.73,HET
Gephyrocapsa,muellerae,58.31,6.61,0.55,HET
Helicosphaera,parimentum,485.52,30.57,2.55,HET
Helicosphaera,carteri,2694.65,196.53,16.38,HET
Helicosphaera,hyalina,1163.93,148.53,12.38,HET
Helicosphaera,wallichii,5275,347.17,28.93,HET
Helicosphaera,pavimentum,1882.65,104.67,8.72,HET
Helicosphaera,wallichii,946.75,117.08,9.76,HET
Helicosphaera,wallichii,1173.85,169.84,14.15,HET
Helicosphaera,wallichii,938.71,154.31,12.86,HET
Helicosphaera,hyalina,1029.8,55.52,4.63,HET
Helicosphaera,hyalina,680.34,57.4,4.78,HET
Helicosphaera,pavimentum,1491.68,124.95,10.41,HET
Helicosphera,wallichi,1455.65,221.78,18.48,HET
Helladosphaera,cornifera HOL,107.94,2.22,0.19,HOL
Helladosphaera,cornifera HOL,86.79,2.04,0.17,HOL
Helladosphaera,cornifera HOL,190.84,2.59,0.22,HOL
Helladosphaera,cornifera,243.67,1.56,0.13,HOL
Helladosphaera,cornifera,627.16,5.71,0.48,HOL
Helladosphaera,cornifera,351.97,2.06,0.17,HOL
Helladosphaera,cornifera,108.53,2.5,0.21,HOL
Helladosphaera,cornifera,510.64,4.31,0.36,HOL
Helladosphaera,cornifera,188.3,2.32,0.19,HOL
Helladosphaera,cornifera,133.94,2.18,0.18,HOL
HOL,,161.75,0.82,0.07,HOL
HOL,,22.54,0.14,0.01,HOL
HOL,,550.98,3.03,0.25,HOL
HOL,,171.02,2.13,0.18,HOL
HOL,,248.86,2.16,0.18,HOL
HOL,,65.62,0.99,0.08,HOL
HOL,,124.31,1.33,0.11,HOL
HOL,,619.56,4.42,0.37,HOL
HOL,,22.58,1.03,0.09,HOL
HOL,,80.55,1.87,0.16,HOL
HOL,,123.64,1.81,0.15,HOL
HOL,,179.29,1.21,0.1,HOL
HOL,,369.74,7.73,0.64,HOL
HOL,,213.64,1.77,0.15,HOL
HOL,,173.06,4.13,0.34,HOL
Homozygisphaera,spinosa,177.7,5.95,0.5,HOL
Homozygosphaera,spinosa,116.41,0.61,0.05,HOL
Michaelsarsia,elegans,283.5,17.93,2.49,HET
Michaelsarsia,elegans,185.27,17.43,2.7,HET
Michaelsarsia,elegans,231.76,21.45,3.29,HET
Michaelsarsia,elegans,213.59,14.51,2.08,HET
Michaelsarsia,elegans,352.71,16.99,2.42,HET
Oolithotus,antillarium,523.3,54.4,4.53,HET
Oolithotus,antillarium,322.34,33.56,2.8,HET
Oolithotus,antillarium,403.99,71.87,5.99,HET
Oolithotus,antillarum,120.71,15.34,1.28,HET
Oolithotus,antillarum,207.44,35.93,2.99,HET
Oolithotus,antillarum,287.69,28.18,2.35,HET
Oolithotus,antillarum,229.2,36.53,3.04,HET
Oolithotus,antillarum,167.87,15.57,1.3,HET
Oolithotus,antillarum,52.82,12.84,1.07,HET
Oolithotus,antillarum,104.21,13.93,1.16,HET
Oolithotus,fragilis,1761.6,178.75,14.9,HET
Oolithotus,antillarum,187.05,22.13,1.84,HET
Oolithotus,antillarum,151.98,15.66,1.31,HET
Oolithotus,antillarum,92.92,5.22,0.44,HET
Oolithotus,antillarum,148.81,13.37,1.11,HET
Oolithotus,antillarum,80.33,14.78,1.23,HET
Oolithotus,antillarum,309.66,38.23,3.19,HET
Oolithotus,antillarum,400.29,30.77,2.56,HET
Oolithotus,antillarum,190.59,35.02,2.92,HET
Oolithotus,antillarum,219.58,26.06,2.17,HET
Oolithotus,antillarum,306.05,29.21,2.43,HET
Oolithotus,antillarum,234.64,15.17,1.26,HET
Oolithotus,antillarum,102.44,14.84,1.24,HET
Oolithotus,antillarum,230.76,48.21,4.02,HET
Oolithotus,antillarum,295.76,42.24,3.52,HET
Oolithotus,antillarum,205.59,21.09,1.76,HET
Oolithotus,antillarum,229.62,46.82,3.9,HET
Oolithotus,antillarum,128.57,15.76,1.31,HET
Oolithotus,antillarum,72.95,17.05,1.42,HET
Oolithotus,antillarum,243.22,36.67,3.06,HET
Oolithotus,fragilis,947.39,123.66,10.31,HET
Oolithotus,fragilis,1561.61,138.18,11.52,HET
Oolithotus,antillarum,191.38,15.07,1.26,HET
Oolithotus,antillarum,139.39,7.64,0.64,HET
Ophiaster,sp.,78.21,4.37,0.69,HET
Ophiaster,sp.,419.53,4.63,0.72,HET
Ophiaster,sp.,97.37,4.23,0.68,HET
Ophiaster,sp.,108.26,4.22,0.68,HET
Ophiaster,sp.,139.52,4.22,0.68,HET
Ophiaster,sp.,244.59,5.77,0.81,HET
Ophiaster,formosus,106.1,4.43,0.7,HET
Ophiaster,formosus,115.91,4.48,0.7,HET
Polycrater,sp.,276.69,1.45,0.12,HET
Polycrater,sp.,538.32,1.99,0.17,HET
Poricalyptra,,196.58,8.01,0.67,HOL
Rhabdosphaera,clavigera,108.07,11.56,1.58,HET
Rhabdosphaera,clavigera,158.59,17.75,2.44,HET
Rhabdosphaera,clavigera,199.12,24.75,3.7,HET
Rhabdosphaera,clavigera,209.48,28.8,4.27,HET
Rhabdosphaera,clavigera,134.94,19.49,2.83,HET
Rhabdosphaera,clavigera,148.46,16.07,2.29,HET
Rhabdosphaera,clavigera,159.64,20.34,2.94,HET
Rhabdosphaera,clavigera,101.12,9.52,1.41,HET
Rhabdosphaera,clavigera,206.07,15.95,2.26,HET
Rhabdosphaera,clavigera,198.17,22.68,3.32,HET
Rhabdosphaera,clavigera,146.87,19.5,3.06,HET
Rhabdosphaera,stylifera,158.48,18.64,2.51,HET
Rhabdosphaera,stylifera,361.61,26.2,3.63,HET
Rhabdosphaera,clavigera,241.56,21.89,3.12,HET
Rhabdosphaera,stylifera,128.08,16.15,2.21,HET
Rhabdosphaera,stylifera,178.52,12.38,1.69,HET
Rhabdosphaera,stylifera,202.33,13,1.77,HET
Rhabdosphaera,stylifera,505.43,56.11,8.49,HET
Syracosphaera,nodosa,224.98,4.97,0.57,HET
Syracosphaera,bannockii,77.07,1.19,0.13,HET
Syracosphaera,molischii,78.22,1.01,0.08,HET
Syracosphaera,nodosa,211.92,8.55,1.17,HET
Syracosphaera,sp.,143.79,1.53,0.13,HET
Syracosphaera,bannockii,249.43,1.99,0.17,HET
Syracosphaera,sp.,150.87,3.9,0.32,HET
Syracosphaera,molischii,85.46,1.99,0.17,HET
Syracosphaera,ossa,112.03,2.83,0.24,HET
Syracosphaera,sp.,412.79,8.88,0.74,HET
Syracosphaera,pulchra oblongata,1782.74,12.07,1.01,HOL
Syracosphaera,sp.,107.86,2.6,0.22,HET
Syracosphaera,sp.,92.1,1.59,0.13,HET
Syracosphaera,molischii,63.01,0.71,0.06,HET
Syracosphaera,hastata,120.8,1.18,0.1,HET
Syracosphaera,sp.,27.86,0.37,0.03,HET
Syracosphaera,sp.,39.94,0.5,0.04,HET
Syracosphaera,sp.,20.09,0.36,0.03,HET
Syracosphaera,nodosa,59.04,1.01,0.08,HET
Syracosphaera,bannockii,249.43,1.75,0.15,HET
Syracosphaera,prolongata,48.19,0.79,0.07,HET
Syracosphaera,nodosa,85.32,1.14,0.1,HET
Syracosphaera,aurisinae HOL,321.69,7.71,0.64,HOL
Syracosphaera,sp.,62.27,0.81,0.07,HET
Syracosphaera,nodosa,100.84,1.15,0.1,HET
Syracosphaera,orbiculus,54.38,0.49,0.04,HET
Syracosphaera,hastata,53.99,1.13,0.09,HET
Syracosphaera,pulchra HOL pirus type,2261.17,27.44,2.29,HOL
Syracosphaera,aurisinae HOL,319.53,7.48,0.62,HOL
Syracosphaera,sp.,804.25,8.5,0.71,HET
Syracosphaera,sp.,465.82,3.78,0.31,HET
Syracosphaera,sp.,342.84,4.6,0.38,HET
Syracosphaera,ossa,156.57,4.32,0.36,HET
Syracosphaera,ossa,183.86,2.64,0.22,HET
Syracosphaera,aurisinae HOL,504.86,9.45,0.79,HOL
Syracosphaera,molischii,107.88,2.17,0.18,HET
Syracosphaera,molischii,113.69,2.98,0.25,HET
Syracosphaera,sp.,48.1,1.25,0.1,HET
Syracosphaera,molischii,207.96,4.37,0.36,HET
Syracosphaera,mediterranea HOL wettsteinii type,317.82,5.54,0.46,HOL
Syracosphaera,noroitica,41.47,1.58,0.13,HET
Syracosphaera,noroitica,73.12,0.91,0.08,HET
Syracosphaera,anthos HOL,1152.57,11.34,0.94,HOL
Syracosphaera,strigilis HOL,143.5,2.1,0.18,HOL
Syracosphaera,ossa,193.35,4.14,0.34,HET
Syracosphaera,sp.,13.78,0.22,0.02,HET
Syracosphaera,bannockii,321.12,9.47,1.27,HET
Syracosphaera,bannockii HOL,49.9,1.25,0.1,HOL
Syracosphaera,ossa,143.43,2.39,0.2,HET
Syracosphaera,ossa,97.17,4.22,0.35,HET
Syracosphaera,ossa,131.87,3.18,0.26,HET
Syracosphaera,sp.,19.37,0.31,0.03,HET
Syracosphaera,pulchra,2738.66,69.09,8.06,HET
Syracosphaera,ossa,145.2,2.88,0.24,HET
Syracosphaera,ossa,154.62,5.04,0.42,HET
Syracosphaera,prolongata,772.2,10.02,0.84,HET
Syracosphaera,sp.,27.41,0.64,0.05,HET
Syracosphaera,bannockii HOL,150.19,2.8,0.23,HOL
Syracosphaera,bannockii HOL,88.07,1.81,0.15,HOL
Syracosphaera,castellata,17.72,0.51,0.04,HET
Syracosphaera,sp.,15,0.22,0.02,HET
Syracosphaera,ossa,140.16,4.17,0.35,HET
Syracosphaera,HOL,27.99,0.2,0.02,HOL
Syracosphaera,ossa,101.37,2.4,0.2,HET
Syracosphaera,HOL,31.25,0.28,0.02,HOL
Syracosphaera,bannockii HOL,95.81,0.95,0.08,HOL
Syracosphaera,sp.,12.13,0.15,0.01,HET
Syracosphaera,HOL,34.04,0.21,0.02,HOL
Syracosphaera,prolongata,351.97,3.11,0.26,HET
Syracosphaera,ossa,89.23,2.46,0.2,HET
Syracosphaera,prolongata,868.24,3.29,0.27,HET
Syracosphaera,halldalii,23.86,0.26,0.02,HET
Syracosphaera,prolongata,247.01,3.27,0.27,HET
Syracosphaera,molischii,172.79,1.63,0.14,HET
Syracosphaera,ossa,132.03,3.97,0.33,HET
Syracosphaera,sp.,109.07,1.31,0.11,HET
Syracosphaera,halldalii,43.61,1.33,0.11,HET
Syracosphaera,halldalii,870.08,9.89,0.82,HET
Syracosphaera,ossa,79.45,1.57,0.13,HET
Syracosphaera,noroitica,58.55,0.6,0.05,HET
Syracosphaera,histrica HOL,181.63,4.03,0.34,HOL
Syracosphaera,sp.,53.86,0.61,0.05,HET
Syracosphaera,mediterranea HOL wettsteinii type,3227.32,15.04,1.25,HOL
Syracosphaera,anthos,161.07,1.42,0.12,HET
Syracosphaera,nodosa,511.08,4.84,0.4,HET
Syracosphaera,anthos,449.11,6.9,0.75,HET
Syracosphaera,sp.,148.33,0.65,0.05,HET
Syracosphaera,leptolepis,98.62,1.21,0.1,HET
Syracosphaera,sp.,79.39,0.84,0.07,HET
Syracosphaera,pulchra HOL,1756.1,15.66,1.3,HOL
Syracosphaera,pulchra,1140.93,23.15,1.93,HET
Syracosphaera,leptolepis,653.2,2.54,0.21,HET
Syracosphaera,bannockii,164.27,2.85,0.24,HET
Syracosphaera,pulchra,2387.83,68.21,7.22,HET
Syracosphaera,pulchra,4126.94,118.66,11.89,HET
Syracosphaera,sp.,35.02,0.62,0.05,HET
Syracosphaera,sp.,378.37,4.68,0.39,HET
Syracosphaera,pulchra,1539.64,113.77,11.59,HET
Syracosphaera,histrica,948.84,10.91,0.91,HET
Syracosphaera,sp.,2977.92,26.7,2.22,HET
Syracosphaera,sp.,146.67,0.99,0.08,HET
Syracosphaera,sp.,237.46,5.76,0.48,HET
Syracosphaera,pulchra,682.94,27.59,2.3,HET
Syracosphaera,bannockii HOL,79.75,1.07,0.09,HOL
Syracosphaera,mediterranea,2492.06,35.93,2.99,HET
Syracosphaera,sp.,28.85,0.83,0.07,HET
Syracosphaera,ossa,126.66,2.09,0.17,HET
Syracosphaera,aurisinae HOL,517.63,12.96,1.08,HOL
Syracosphaera,bannockii HOL,109.13,2.75,0.23,HOL
Syracosphaera,nana?,280.8,4.04,0.34,HET
Syracosphaera,ossa,119.38,3.18,0.26,HET
Syracosphaera,ossa,125.79,2.71,0.23,HET
Syracosphaera,nodosa,173.21,2.11,0.18,HET
Syracosphaera,molischii,282.76,2.69,0.22,HET
Syracosphaera,sp.,109.18,1.55,0.13,HET
Syracosphaera,ossa,176.37,5.58,0.46,HET
Syracosphaera,nodoso gr. sp.,102.7,1.15,0.1,HET
Syracosphaera,ossa type,99.72,5.19,0.43,HET
Syracosphaera,ossa type,179.27,6.4,0.59,HET
Syracosphaera,pulchra,2713.46,69.69,6.84,HET
Syracosphaera,prolongata,285.36,4.96,0.41,HET
Syracosphaera,ossa,174.12,4.14,0.35,HET
Syracosphaera,nodosa,348.25,11.95,1.58,HET
Syracosphaera,sp.,11.62,0.38,0.03,HET
Syracosphaera,sp.,240.52,4.31,0.36,HET
Syracosphaera,sp.,11,0.33,0.03,HET
Syracosphaera,nodosa,79.47,1.52,0.13,HET
Syracosphaera,prolongata,474.17,2.31,0.19,HET
Syracosphaera,molischii,212.25,3.17,0.26,HET
Syracosphaera,nodosa,222.97,4.53,0.63,HET
Syracosphaera,molischii,114.28,4.27,0.36,HET
Syracosphaera,reniformis,56.5,0.59,0.05,HET
Syracosphaera,sp.,77.34,1.32,0.11,HET
Syracosphaera,anthos,168.59,3.53,0.47,HET
Syracosphaera,sp.,57.39,0.88,0.07,HET
Syracosphaera,reniformis,65.49,1.41,0.2,HET
Syracosphaera,reniformis,59.26,1.53,0.22,HET
Syracosphaera,reniformis,84.97,3.04,0.42,HET
Tetralithoides,quadrilaminata,3840.17,52.89,4.41,HET
Tetralithoides,quadrilaminata,5301.99,31.79,2.65,HET
Tetralithoides,quadrilaminata,3846.69,39.3,3.28,HET
Tetralithoides,quadrilaminata,3607.43,61.02,5.09,HET
Tetralithoides,quadrilaminata,4531.36,33.85,2.82,HET
Umbellosphaera,tenuis,144.85,2.86,0.24,HET
Umbellosphaera,tenuis,333.31,6.32,0.53,HET
Umbellosphaera,tenuis,283.81,4,0.33,HET
Umbellosphaera,tenuis,269.69,2.28,0.19,HET
Umbellosphaera,tenuis,241.56,6.05,0.5,HET
Umbellosphaera,tenuis,370.54,6.01,0.5,HET
Umbellosphaera,tenuis,246.75,9.68,0.81,HET
Umbellosphaera,tenuis,527.93,11.19,0.93,HET
Umbellosphaera,tenuis,444.02,11.87,0.99,HET
Umbellosphaera,tenuis,350.62,5.88,0.49,HET
Umbellosphaera,tenuis,286.38,3.49,0.29,HET
Umbellosphaera,tenuis,483.31,10.52,0.88,HET
Umbellosphaera,tenuis,163.58,6.41,0.53,HET
Umbellosphaera,tenuis,513.64,10.96,0.91,HET
Umbellosphaera,tenuis,427.76,6.69,0.56,HET
Umbellosphaera,tenuis,640.53,8.02,0.67,HET
Umbellosphaera,tenuis,348.03,5.99,0.5,HET
Umbellosphaera,irregularis,256.62,4.17,0.35,HET
Umbellosphaera,tenuis,432.26,11.06,0.92,HET
Umbellosphaera,tenuis,322.84,4.69,0.39,HET
Umbellosphaera,tenuis,294.48,11.57,0.96,HET
Umbellosphaera,tenuis,322.73,8.09,0.67,HET
Umbellosphaera,tenuis,233.16,9.72,0.81,HET
Umbellosphaera,tenuis,212.83,4.23,0.35,HET
Umbellosphaera,irregularis,636.21,16.96,1.41,HET
Umbellosphaera,tenuis,532.27,10,0.83,HET
Umbellosphaera,tenuis,302.45,7.11,0.59,HET
Umbellosphaera,tenuis,359.74,4.55,0.38,HET
Umbellosphaera,irregularis,906.59,16.98,1.41,HET
Umbellosphaera,tenuis,254.55,4.29,0.36,HET
Umbellosphaera,tenuis,409.35,7.09,0.59,HET
Umbellosphaera,tenuis,422.12,9.8,0.82,HET
Umbellosphaera,tenuis,397.14,15.53,1.29,HET
Umbellosphaera,tenuis,380.42,9.05,0.75,HET
Umbellosphaera,tenuis,358.77,6.21,0.52,HET
Umbellosphaera,irregularis,1218.8,15.85,1.32,HET
Umbellosphaera,tenuis,508.12,6.14,0.51,HET
Umbellosphaera,tenuis,377.14,14.48,1.21,HET
Umbellosphaera,tenuis,336.52,7.41,0.62,HET
Umbellosphaera,irregularis,1027.22,7.2,0.6,HET
Umbellosphaera,tenuis,446.23,6.86,0.57,HET
Umbellosphaera,tenuis,308.53,11.09,0.92,HET
Umbellosphaera,tenuis,202.1,2.49,0.21,HET
Umbellosphaera,tenuis,485.96,10.85,0.9,HET
Umbellosphaera,irregularis,1019.15,20.63,1.72,HET
Umbellosphaera,irregularis,1360.47,10.81,0.9,HET
Umbellosphaera,tenuis,293.96,4.44,0.37,HET
Umbellosphaera,tenuis,326.23,8.3,0.69,HET
Umbellosphaera,tenuis,365.93,8.67,0.72,HET
Umbellosphaera,tenuis,402.71,9.81,0.82,HET
Umbellosphaera,tenuis,356.38,11.93,0.99,HET
Umbellosphaera,tenuis,273.25,6.3,0.53,HET
Umbellosphaera,tenuis,508.42,10.21,0.85,HET
Umbellosphaera,irregularis,466.34,8.03,0.67,HET
Umbellosphaera,irregularis,547.35,7.97,0.66,HET
Umbellosphaera,tenuis,699.21,9.61,0.8,HET
Umbellosphaera,tenuis,457.09,6.77,0.56,HET
Umbellosphaera,tenuis,254.63,4.96,0.41,HET
Umbellosphaera,tenuis,475.98,12.63,1.05,HET
Umbellosphaera,tenuis,336.16,11.07,0.92,HET
Umbellosphaera,irregularis,605.95,16.79,1.4,HET
Umbellosphaera,irregularis,918.75,11.08,0.92,HET
Umbellosphaera,irregularis,936.59,12.39,1.03,HET
Umbellosphaera,irregularis,1152.61,13.35,1.11,HET
Umbellosphaera,irregularis,889.04,3.34,0.28,HET
Umbellosphaera,irregularis,407.95,7.14,0.6,HET
Umbellosphaera,irregularis,277.86,5.51,0.46,HET
Umbellosphaera,irregularis,324.67,6.16,0.51,HET
Umbellosphaera,irregularis,732.67,15.47,1.29,HET
Umbellosphaera,irregularis,158.23,3.79,0.32,HET
Umbellosphaera,tenuis,111.56,2.92,0.24,HET
Umbellosphaera,tenuis,220.46,2.4,0.2,HET
Umbellosphaera,tenuis,360.64,3.16,0.26,HET
Umbellosphaera,tenuis,265.8,1.92,0.16,HET
Umbellosphaera,tenuis,273.84,1.84,0.15,HET
Umbellosphaera,irregularis,639.34,0,0,HET
Umbellosphaera,tenuis,398.78,6.3,0.53,HET
Umbellosphaera,tenuis,342.18,2.32,0.19,HET
Umbellosphaera,tenuis,543.85,4.61,0.38,HET
Umbellosphaera,irregularis,831.85,0.13,0.01,HET
Umbellosphaera,tenuis,379.92,2.15,0.18,HET
Umbellosphaera,tenuis,278.26,0.88,0.07,HET
Umbellosphaera,tenuis,341.71,3.48,0.29,HET
Umbellosphaera,tenuis,245.52,2.89,0.24,HET
Umbellosphaera,tenuis,594.26,3.59,0.3,HET
Umbellosphaera,tenuis,541.07,4.35,0.36,HET
Umbellosphaera,tenuis,166.02,1.23,0.1,HET
Umbellosphaera,irregularis,118.26,0.09,0.01,HET
Umbellosphaera,tenuis,328.96,2.34,0.2,HET
Umbellosphaera,tenuis,289.96,3.11,0.26,HET
Umbellosphaera,irregularis,547.03,6.66,0.56,HET
Umbellosphaera,tenuis,328.64,5.56,0.46,HET
Umbellosphaera,tenuis,218.96,3.01,0.25,HET
Umbellosphaera,irregularis,849.62,0.14,0.01,HET
Umbellosphaera,tenuis,149.42,5.06,0.42,HET
Umbellosphaera,tenuis,98.12,7.74,0.65,HET
Umbellosphaera,irregularis,729.9,9.53,0.79,HET
Umbellosphaera,tenuis,254.06,7.19,0.6,HET
Umbellosphaera,tenuis,349.03,11.26,0.94,HET
Umbellosphaera,irregularis,1645.3,11.92,0.99,HET
Umbellosphaera,tenuis,518.89,7.5,0.62,HET
Umbellosphaera,tenuis,279.21,7.13,0.59,HET
Umbellosphaera,tenuis,321.67,8.27,0.69,HET
Umbellosphaera,tenuis,581.68,8.93,0.74,HET
Umbellosphaera,tenuis,422.47,15.21,1.27,HET
Umbellosphaera,tenuis,406.62,8.13,0.68,HET
Umbellosphaera,irregularis,486.55,13.34,1.11,HET
Umbellosphaera,tenuis,313.15,8.52,0.71,HET
Umbellosphaera,irregularis,359.38,15.17,1.26,HET
Umbellosphaera,irregularis,1134.52,13.45,1.12,HET
Umbellosphaera,tenuis,339.88,10.13,0.84,HET
Umbellosphaera,irregularis,1161.46,12.37,1.03,HET
Umbellosphaera,tenuis,259.01,12.84,1.07,HET
Umbellosphaera,irregularis,591.04,14.78,1.23,HET
Umbellosphaera,tenuis,473.61,6.31,0.53,HET
Umbellosphaera,tenuis,458.23,10.86,0.91,HET
Umbellosphaera,tenuis,217.1,21.87,1.82,HET
Umbellosphaera,irregularis,1511.1,22.78,1.9,HET
Umbellosphaera,irregularis,623.14,19.77,1.65,HET
Umbellosphaera,irregularis,1028.54,16.94,1.41,HET
Umbellosphaera,tenuis,267.59,5.63,0.47,HET
Umbellosphaera,tenuis,241.23,6.35,0.53,HET
Umbellosphaera,irregularis,1229.04,33.37,2.78,HET
Umbellosphaera,irregularis,1587.49,40.65,3.39,HET
Umbilicosphaera,sibogae,1597.68,97.35,8.11,HET
Umbilicosphaera,sibogae,3514.55,249.45,20.79,HET
Umbilicosphaera,hulburtiana,328.52,27.11,2.26,HET
Umbilicosphaera,hulburtiana,389.76,65.3,5.44,HET
Umbilicosphaera,hulburtiana,422.52,32.54,2.71,HET
Umbilicosphaera,hulburtiana,526.72,56.58,4.72,HET
Umbilicosphaera,hulburtiana,377.93,21.52,1.79,HET
Umbilicosphaera,hulburtiana,325.38,17.27,1.44,HET
Umbilicosphaera,hulburtiana,399.74,30.44,2.54,HET
Umbilicosphaera,hulburtiana,537.26,51.95,4.33,HET
Umbilicosphaera,hulburtiana,502.9,60.48,5.04,HET
Umbilicosphaera,hulburtiana,446.37,47.09,3.92,HET
Umbilicosphaera,hulburtiana,374.76,46.29,3.86,HET
Umbilicosphaera,hulburtiana,381.04,37.08,3.09,HET
Umbilicosphaera,hulburtiana,484.93,40.03,3.34,HET
Umbilicosphaera,hulburtiana,277.98,26.09,2.17,HET
Umbilicosphaera,hulburtiana,666.39,43.64,3.64,HET
Umbilicosphaera,hulburtiana,403.4,36.34,3.03,HET
Umbilicosphaera,hulburtiana,582.88,50.76,4.23,HET
Umbilicosphaera,hulburtiana,387.3,33,2.75,HET
Umbilicosphaera,hulburtiana,331.06,39.09,3.26,HET
Umbilicosphaera,hulburtiana,393.53,25.28,2.11,HET
Umbilicosphaera,hulburtiana,852.32,49.32,4.11,HET
Umbilicosphaera,hulburtiana,506.66,49.52,4.13,HET
Umbilicosphaera,hulburtiana,453.16,22.76,1.9,HET
Umbilicosphaera,hulburtiana,448.17,45.95,3.83,HET
Umbilicosphaera,hulburtiana,481.98,45.57,3.8,HET
Umbilicosphaera,hulburtiana,872.01,77.12,6.43,HET
Umbilicosphaera,hulburtiana,626.7,51.09,4.26,HET
Umbilicosphaera,hulburtiana,509.03,59.27,4.94,HET
Umbilicosphaera,hulburtiana,296.81,27.05,2.25,HET
Umbilicosphaera,hulburtiana,256.87,21.43,1.79,HET
Umbilicosphaera,hulburtiana,314.27,22.34,1.86,HET
Umbilicosphaera,hulburtiana,547.48,46.61,3.88,HET
Umbilicosphaera,hulburtiana,858.69,44.71,3.73,HET
Umbilicosphaera,hulburtiana,772.29,50.72,4.23,HET
Umbilicosphaera,hulburtiana,419.26,37.81,3.15,HET
Umbilicosphaera,hulburtiana,490.7,23.5,1.96,HET
Umbilicosphaera,hulburtiana,296.28,16.41,1.37,HET
Umbilicosphaera,hulburtiana,439.21,44.98,3.75,HET
Umbilicosphaera,hulburtiana,564.35,31.79,2.65,HET
Umbilicosphaera,hulburtiana,355.97,32.45,2.7,HET
Umbilicosphaera,hulburtiana,338.1,42.47,3.54,HET
Umbilicosphaera,hulburtiana,458.57,39.36,3.28,HET
Umbilicosphaera,hulburtiana,439.49,25.95,2.16,HET
Umbilicosphaera,hulburtiana,319.79,22.38,1.87,HET
Umbilicosphaera,hulburtiana,378.88,30.12,2.51,HET
Umbilicosphaera,hulburtiana,473.3,27.87,2.32,HET
Umbilicosphaera,hulburtiana,265.13,16.17,1.35,HET
Umbilicosphaera,hulburtiana,442.7,34.24,2.85,HET
Umbilicosphaera,hulburtiana,308.69,21.08,1.76,HET
Umbilicosphaera,sibogae,10095.28,252.44,21.04,HET
Unknown,unknown,112.42,1.73,0.14,HET
Unknown,sp.,54.29,0.27,0.02,HET
Unknown,unknown,60.8,0.63,0.05,HET
